1, Ainslee, Hanner, ahanner0@edublogs.org, 96306
2, Christabel, Maleham, cmaleham1@china.com.cn, 68295
3, Maurizia, O'Donnell, modonnell2@blogs.com, 76965
4, Boycie, Fleisch, bfleisch3@bigcartel.com, 49013
5, Sullivan, Jacques, sjacques4@comcast.net, 10828
6, Alley, Thieme, athieme5@marriott.com, 48305
7, Lannie, St Angel, lstangel6@godaddy.com, 34307
8, Margot, O'Neal, moneal7@cpanel.net, 68410
9, Bernardo, Bletsoe, bbletsoe8@mit.edu, 32329
10, Dorris, Watling, dwatling9@furl.net, 44987